"N","Project","Spec","Line","Sig","Error"
"1","public","e2e\no-fsm-overexposure.spec.ts","25","toHaveURL","Error: expect(page).toHaveURL(expected) failed"
"2","public","e2e\no-fsm-overexposure.spec.ts","25","toHaveURL","Error: expect(page).toHaveURL(expected) failed"
"3","public","e2e\no-fsm-overexposure.spec.ts","25","toHaveURL","Error: expect(page).toHaveURL(expected) failed"
"4","member","e2e\member-journey.spec.ts","43","toBeVisible","Error: expect(locator).toBeVisible() failed"
"5","member","e2e\member-journey.spec.ts","49","toBeVisible","Error: expect(locator).toBeVisible() failed"
"6","member","e2e\member-journey.spec.ts","175","toHaveURL","Error: expect(page).toHaveURL(expected) failed"
"7","member","e2e\member-journey.spec.ts","185","toHaveURL","Error: expect(page).toHaveURL(expected) failed"
"8","steward","e2e\permission-boundaries.spec.ts","31","toMatch","Error: expect(received).toMatch(expected)"
"9","steward","e2e\permission-boundaries.spec.ts","40","toMatch","Error: expect(received).toMatch(expected)"
"10","steward","e2e\permission-boundaries.spec.ts","47","toContain","Error: expect(received).toContain(expected) // indexOf"
"11","steward","e2e\permission-boundaries.spec.ts","61","toContain","Error: expect(received).toContain(expected) // indexOf"
"12","steward","e2e\permission-boundaries.spec.ts","72","toContain","Error: expect(received).toContain(expected) // indexOf"
"13","steward","e2e\permission-boundaries.spec.ts","85","apiRequest-timeout-10s (seedOrVerify)","TimeoutError: apiRequestContext.get: Timeout 10000ms exceeded."
"14","steward","tests\e2e\steward-review.spec.ts","14","ECONNREFUSED-beforeAll (§BR-3)","Error: [ue:e2e] Server readiness check timed out after 90000ms (apiRequestContext.get: Timeout 10000ms exceeded."
"15","staff","tests\e2e\auditor-readonly.spec.ts","14","ECONNREFUSED-beforeAll (§BR-3)","Error: [ue:e2e] Server readiness check timed out after 90000ms (apiRequestContext.get: Timeout 10000ms exceeded."
"16","staff","tests\e2e\case-escalation.spec.ts","14","ECONNREFUSED-beforeAll (§BR-3)","Error: [ue:e2e] Server readiness check timed out after 90000ms (apiRequestContext.get: Timeout 10000ms exceeded."
"17","staff","tests\e2e\case-resolution.spec.ts","14","ECONNREFUSED-beforeAll (§BR-3)","Error: [ue:e2e] Server readiness check timed out after 90000ms (apiRequestContext.get: Timeout 10000ms exceeded."
"18","staff","tests\e2e\external-ux-tester.spec.ts","15","ECONNREFUSED-beforeAll (§BR-3)","Error: [ue:e2e] Server readiness check timed out after 90000ms (apiRequestContext.get: Timeout 10000ms exceeded."
"19","admin","e2e\authenticated-role-navigation.spec.ts","29","ECONNREFUSED-beforeAll (§BR-3)","Error: [ue:e2e] Server readiness check timed out after 90000ms (apiRequestContext.get: Timeout 10000ms exceeded."
"20","admin","e2e\cape-features.spec.ts","34","ECONNREFUSED-beforeAll (§BR-3)","Error: [ue:e2e] Server readiness check timed out after 90000ms (apiRequestContext.get: Timeout 10000ms exceeded."
"21","admin","e2e\cape-features.spec.ts","126","ECONNREFUSED-beforeAll (§BR-3)","Error: [ue:e2e] Server readiness check timed out after 90000ms (apiRequestContext.get: Timeout 10000ms exceeded."
"22","admin","e2e\cape-features.spec.ts","171","ECONNREFUSED-beforeAll (§BR-3)","Error: [ue:e2e] Server readiness check timed out after 90000ms (apiRequestContext.get: Timeout 10000ms exceeded."
"23","admin","e2e\cape-features.spec.ts","275","ECONNREFUSED-beforeAll (§BR-3)","Error: [ue:e2e] Server readiness check timed out after 90000ms (apiRequestContext.get: Timeout 10000ms exceeded."
"24","admin","e2e\cape-features.spec.ts","356","ECONNREFUSED-beforeAll (§BR-3)","Error: [ue:e2e] Server readiness check timed out after 90000ms (apiRequestContext.get: Timeout 10000ms exceeded."
"25","admin","e2e\cape-features.spec.ts","383","ECONNREFUSED-beforeAll (§BR-3)","Error: [ue:e2e] Server readiness check timed out after 90000ms (apiRequestContext.get: Timeout 10000ms exceeded."
"26","admin","e2e\dashboard.spec.ts","25","ECONNREFUSED-beforeAll (§BR-3)","Error: [ue:e2e] Server readiness check timed out after 90000ms (apiRequestContext.get: Timeout 10000ms exceeded."
"27","admin","e2e\empty-states.spec.ts","83","ECONNREFUSED-beforeAll (§BR-3)","Error: [ue:e2e] Server readiness check timed out after 90000ms (apiRequestContext.get: Timeout 10000ms exceeded."
"28","admin","e2e\governance\deployment-legitimacy-visibility.spec.ts","10","apiRequest-timeout","TimeoutError: apiRequestContext.get: Timeout 20000ms exceeded."
"29","admin","e2e\governance\deployment-legitimacy-visibility.spec.ts","14","apiRequest-timeout","TimeoutError: apiRequestContext.get: Timeout 20000ms exceeded."
"30","admin","e2e\missing-routes.spec.ts","54","ECONNREFUSED-beforeAll (§BR-3)","Error: [ue:e2e] Server readiness check timed out after 90000ms (apiRequestContext.get: Timeout 10000ms exceeded."
"31","admin","e2e\ocra-adaptive-flow.spec.ts","35","page.goto-timeout","TimeoutError: page.goto: Timeout 45000ms exceeded."
"32","admin","e2e\ocra-adaptive-flow.spec.ts","47","page.goto-timeout","TimeoutError: page.goto: Timeout 45000ms exceeded."
"33","admin","e2e\ocra-adaptive-flow.spec.ts","56","page.goto-timeout","TimeoutError: page.goto: Timeout 45000ms exceeded."
"34","admin","e2e\pilot-journey.spec.ts","15","ECONNREFUSED-beforeAll (§BR-3)","Error: [ue:e2e] Server readiness check timed out after 90000ms (apiRequestContext.get: Timeout 10000ms exceeded."
"35","admin","e2e\stakeholder-demo-journeys.spec.ts","30","ECONNREFUSED-beforeAll (§BR-3)","Error: [ue:e2e] Server readiness check timed out after 90000ms (apiRequestContext.get: Timeout 10000ms exceeded."
"36","admin","e2e\stakeholder-demo-journeys.spec.ts","145","page.goto-timeout","TimeoutError: page.goto: Timeout 45000ms exceeded."
"37","admin","e2e\stakeholder-demo-journeys.spec.ts","183","page.goto-timeout","TimeoutError: page.goto: Timeout 45000ms exceeded."
"38","admin","e2e\stakeholder-demo-journeys.spec.ts","207","page.goto-timeout","TimeoutError: page.goto: Timeout 45000ms exceeded."
"39","admin","e2e\ue-workflow.spec.ts","20","ECONNREFUSED-beforeAll (§BR-3)","Error: [ue:e2e] Server readiness check timed out after 90000ms (apiRequestContext.get: Timeout 10000ms exceeded."
"40","admin","tests\e2e\admin-assignment.spec.ts","14","ECONNREFUSED-beforeAll (§BR-3)","Error: [ue:e2e] Server readiness check timed out after 90000ms (apiRequestContext.get: Timeout 10000ms exceeded."
"41","executive","e2e\cba-intelligence.spec.ts","66","ECONNREFUSED-beforeAll (§BR-3)","Error: [ue:e2e] Server readiness check timed out after 90000ms (apiRequestContext.get: Timeout 10000ms exceeded."
"42","security","tests\e2e\auth-failure-handling.spec.ts","47","ECONNREFUSED-beforeAll (§BR-3)","Error: [ue:e2e] Server readiness check timed out after 90000ms (apiRequestContext.get: Timeout 10000ms exceeded."
"43","security","tests\e2e\auth-session-switch.spec.ts","24","ECONNREFUSED-beforeAll (§BR-3)","Error: [ue:e2e] Server readiness check timed out after 90000ms (apiRequestContext.get: Timeout 10000ms exceeded."
"44","security","tests\e2e\cross-org-block.spec.ts","14","ECONNREFUSED-beforeAll (§BR-3)","Error: [ue:e2e] Server readiness check timed out after 90000ms (apiRequestContext.get: Timeout 10000ms exceeded."
"45","security","tests\e2e\evidence-misuse.spec.ts","39","ECONNREFUSED-beforeAll (§BR-3)","Error: [ue:e2e] Server readiness check timed out after 90000ms (apiRequestContext.get: Timeout 10000ms exceeded."
"46","security","tests\e2e\negative-workflow-transitions.spec.ts","36","ECONNREFUSED-beforeAll (§BR-3)","Error: [ue:e2e] Server readiness check timed out after 90000ms (apiRequestContext.get: connect ECONNREFUSED ::1:3002"
"47","security","tests\e2e\org-isolation-negative.spec.ts","42","ECONNREFUSED-beforeAll (§BR-3)","Error: [ue:e2e] Server readiness check timed out after 90000ms (apiRequestContext.get: connect ECONNREFUSED ::1:3002"
"48","bilingual-en","e2e\bilingual\_helpers.ts","51","ECONNREFUSED-beforeAll (§BR-3)","Error: [ue:e2e] Server readiness check timed out after 90000ms (apiRequestContext.get: connect ECONNREFUSED ::1:3002"
"49","bilingual-fr","e2e\bilingual\_helpers.ts","51","ECONNREFUSED-beforeAll (§BR-3)","Error: [ue:e2e] Server readiness check timed out after 90000ms (apiRequestContext.get: connect ECONNREFUSED ::1:3002"
"50","accessibility","e2e\a11y\smoke.spec.ts","88","ECONNREFUSED-beforeAll (§BR-3)","Error: [ue:e2e] Server readiness check timed out after 90000ms (apiRequestContext.get: connect ECONNREFUSED ::1:3002"
